/*
 Navicat Premium Data Transfer

 Source Server         : localhost_3306
 Source Server Type    : MySQL
 Source Server Version : 80018
 Source Host           : localhost:3306
 Source Schema         : blog

 Target Server Type    : MySQL
 Target Server Version : 80018
 File Encoding         : 65001

 Date: 23/05/2020 14:20:00
*/

SET NAMES utf8mb4;
SET FOREIGN_KEY_CHECKS = 0;

-- ----------------------------
-- Table structure for blog
-- ----------------------------
DROP TABLE IF EXISTS `blog`;
CREATE TABLE `blog`  (
  `id` int(11) NOT NULL AUTO_INCREMENT,
  `title` varchar(255) CHARACTER SET utf8mb4 COLLATE utf8mb4_0900_ai_ci NULL DEFAULT NULL,
  `category_id` int(11) NULL DEFAULT NULL,
  `content` text CHARACTER SET utf8mb4 COLLATE utf8mb4_0900_ai_ci NULL,
  `create_time` datetime(0) NULL DEFAULT NULL,
  `update_time` datetime(0) NULL DEFAULT NULL,
  `times` int(11) UNSIGNED NOT NULL DEFAULT 0,
  PRIMARY KEY (`id`) USING BTREE
) ENGINE = InnoDB AUTO_INCREMENT = 4 CHARACTER SET = utf8mb4 COLLATE = utf8mb4_0900_ai_ci ROW_FORMAT = Dynamic;

-- ----------------------------
-- Records of blog
-- ----------------------------
INSERT INTO `blog` VALUES (7, '狗屁不通文章', 13, '      管林如看世真从，先海铁常化近，具详则O吹。 细务得权土出我式方问走，五展事置式年克标么究术，放求露里利运步苏Q。 规正团指飞压习格白儿，起期段亲看集消率，家京W存物来者P。\n\n      节运入且压厂量压色，发验路关难克到华，置市届当枪参细。 且部和成大家克思得新层，专革段族儿点领与林，果子露件没光里也选。 低做关达感马开育根，广工场先物中直毛，达十E杨决是动走。 听们该持见空成面们热家至，府安正小指1务就算速。 主八分活见型候下去，统山走自众传边，收关杏日除又日。 打值包变列圆内，合单和和值联，都S接伴东。\n\n      白科越象命委究便音，代们只别十持象，细C土团把号。 美安通正带立节较身可导给矿，道量色安阶流设老利样说委，体平管8据些旱拒必直验。 离般压着青参，受清气一，南Y做住。\n\n      建达集心到来济适县，平标起了正间入内开，石询型茄坝给信。 况准地增如使数眼对会电打起，斯论造代积规事以物天理世做，构标束六命奔共整文枣面。 何线观向空太到强，平你辰对隶。 地识西生式率音决平白南，精能立切更图便公中万形，每高7准生析身总块。 族部格精前人效院地际，圆间维府交般治更收目，段最录磨团苍困增。\n\n      做关常张计车阶毛较安达，把和号油派位布证六志们，飞家4助丽葬走苏也。 平百万团拉体米大地只，资着过一群白些做，交示孟集于手般后。 例况况市将满可省青调，七它再过压派新同，两几建兵水该少土。 说维水具家节龙有装，分说接的这容商则，着本屈九参邮统。\n\n      米与有飞生局家识接，由使但代全决只他层，走E呀针政质较。 更克月志队路速前强开组广各复此，业什身那方学P里枪把千置。 理为社亲状表指眼，交教于从风领观快院，动5做较少再后。 平报手示加感石此半，二准改5Z林象。\n\n      从后王研再平住，历身八论元同发，术承电壳合。\n\n      办理验走级口确指事积后，口年论维切清过阶员，海然N织至新是做程。 路应感务克标合金，查存眼几率品，何研H样枣究。\n\n      济路很石满期命打难，保格委况N级机。 想维场着条效向共原，想存北可知合车深必，场U态维题什志。\n\n      然统则状音事么热期线，列土江政该区广委叫传，一候求帐必豆料金。 据务但几交路安不达级，出厂数难小复层高高，革时肃磨覆下再角。 示行自米家接员想完效满意，题确红教题杏效龙种精。 本放节门价毛美听率又际原由准准米在，深百一取二增询青象象凝V最。\n\n      规主速土热律，六标论身，算豆B问。 水龙知单声府率声场，争身也六边几习，增政W可县住格书。 角解义光我用反科精，研便主下资半火或打，适积4抗辰头价意。 出专切活压证电提条例义技会走，东里造之十京三自对而布料，月斯手豆影M全图率严料枣。 和立明称于大，半提此社织间长，放2丽教设。 的农公其反后程完今具平便被，一物应飞须技土周情花装，或叫片蠢包如记式极板影。 间年边理确查将教八个片从，世电方果刷当P呈孟。\n\n      对越不头选间基，过日生两存。 断根件米度立重级派，无具有些三团名接电，至B次意极识称。 天八消列约无么备，方压新大量向，算标P杨军董。 素龙之更越平线，儿生并后最治，经G物我心。 经议话油且位都头转应，下选眼中后把求式有，使完F没除光励覆。 年照构地信目物快斯确线把很转，阶构列局速上I层苏文最利。\n\n      二单本报属社新参，受作加化构连导，品B从存3速。 权王头么局七解多研特长参须起们，动安快局真始9入乱查商皂。', '2020-05-22 13:28:06', '2020-05-23 04:37:25', 22);
INSERT INTO `blog` VALUES (8, '荷塘月色', 12, '　　这几天心里颇不宁静。今晚在院子里坐着乘凉，忽然想起日日走过的荷塘，在这满月的光里，总该另有一番样子吧。月亮渐渐地升高了，墙外马路上孩子们的欢笑，已经听不见了；妻在屋里拍着闰儿，迷迷糊糊地哼着眠歌。我悄悄地披了大衫，带上门出去。\n　　沿着荷塘，是一条曲折的小煤屑路。这是一条幽僻的路；白天也少人走，夜晚更加寂寞。荷塘四面，长着许多树，蓊蓊郁郁的。路的一旁，是些杨柳，和一些不知道名字的树。没有月光的晚上，这路上阴森森的，有些怕人。今晚却很好，虽然月光也还是淡淡的。\n　　路上只我一个人，背着手踱着。这一片天地好像是我的；我也像超出了平常的自己，到了另一世界里。我爱热闹，也爱冷静；爱群居，也爱独处。像今晚上，一个人在这苍茫的月下，什么都可以想，什么都可以不想，便觉是个自由的人。白天里一定要做的事，一定要说的话，现在都可不理。这是独处的妙处，我且受用这无边的荷香月色好了。\n　　曲曲折折的荷塘上面，弥望的是田田的叶子。叶子出水很高，像亭亭的舞女的裙。层层的叶子中间，零星地点缀着些白花，有袅娜地开着的，有羞涩地打着朵儿的；正如一粒粒的明珠，又如碧天里的星星，又如刚出浴的美人。微风过处，送来缕缕清香，仿佛远处高楼上渺茫的歌声似的。这时候叶子与花也有一丝的颤动，像闪电般，霎时传过荷塘的那边去了。叶子本是肩并肩密密地挨着，这便宛然有了一道凝碧的波痕。叶子底下是脉脉的流水，遮住了，不能见一些颜色；而叶子却更见风致了。\n　　月光如流水一般，静静地泻在这一片叶子和花上。薄薄的青雾浮起在荷塘里。叶子和花仿佛在牛乳中洗过一样；又像笼着轻纱的梦。虽然是满月，天上却有一层淡淡的云，所以不能朗照；但我以为这恰是到了好处——酣眠固不可少，小睡也别有风味的。月光是隔了树照过来的，高处丛生的灌木，落下参差的斑驳的黑影，峭楞楞如鬼一般；弯弯的杨柳的稀疏的倩影，却又像是画在荷叶上。塘中的月色并不均匀；但光与影有着和谐的旋律，如梵婀玲上奏着的名曲。\n　　荷塘的四面，远远近近，高高低低都是树，而杨柳最多。这些树将一片荷塘重重围住；只在小路一旁，漏着几段空隙，像是特为月光留下的。树色一例是阴阴的，乍看像一团烟雾；但杨柳的丰姿，便在烟雾里也辨得出。树梢上隐隐约约的是一带远山，只有些大意罢了。树缝里也漏着一两点路灯光，没精打采的，是渴睡人的眼。这时候最热闹的，要数树上的蝉声与水里的蛙声；但热闹是它们的，我什么也没有。\n　　忽然想起采莲的事情来了。采莲是江南的旧俗，似乎很早就有，而六朝时为盛；从诗歌里可以约略知道。采莲的是少年的女子，她们是荡着小船，唱着艳歌去的。采莲人不用说很多，还有看采莲的人。那是一个热闹的季节，也是一个风流的季节。梁元帝《采莲赋》里说得好：\n　　于是妖童媛女，荡舟心许；鷁首徐回，兼传羽杯；欋将移而藻挂，船欲动而萍开。尔其纤腰束素，迁延顾步；夏始春余，叶嫩花初，恐沾裳而浅笑，畏倾船而敛裾。\n　　可见当时嬉游的光景了。这真是有趣的事，可惜我们现在早已无福消受了。\n　　于是又记起《西洲曲》里的句子：\n　　采莲南塘秋，莲花过人头；低头弄莲子，莲子清如水。今晚若有采莲人，这儿的莲花也算得“过人头”了；只不见一些流水的影子，是不行的。这令我到底惦着江南了。——这样想着，猛一抬头，不觉已是自己的门前；轻轻地推门进去，什么声息也没有，妻已睡熟好久了。\n　 \n　　1927年7月，北京清华园。\n \n', '2020-05-22 13:47:04', '2020-05-23 02:23:35', 12);
INSERT INTO `blog` VALUES (9, '图片图片图片', 14, '# 图片图片图片\n哈哈哈哈哈哈哈哈哈哈哈哈哈哈哈哈哈哈哈哈哈哈哈哈哈哈哈哈哈哈哈哈哈哈哈哈哈哈哈哈哈哈哈哈哈哈哈哈哈哈哈哈哈哈哈哈哈哈哈哈哈哈哈哈哈哈哈哈哈哈哈哈哈哈哈哈哈哈哈哈哈哈哈哈哈哈哈哈哈哈哈哈哈哈哈哈哈哈哈哈哈哈哈哈哈哈哈哈哈哈哈哈哈哈哈哈哈哈哈哈哈哈哈哈哈哈哈哈哈哈哈哈哈哈哈哈哈哈哈哈哈哈哈哈\n![](https://dss3.bdstatic.com/70cFv8Sh_Q1YnxGkpoWK1HF6hhy/it/u=2534506313,1688529724&fm=26&gp=0.jpg)\n![](https://www.baidu.com/s?wd=%E7%81%AB%E7%8B%90%E6%B5%8F%E8%A7%88%E5%99%A8&rn=20&usm=2&ie=utf-8&rsv_cq=chrome%E6%B8%B2%E6%9F%93%E5%AD%97%E4%BD%93&rsv_dl=0_right_recommends_merge_28335&euri=7681)', '2020-05-22 13:48:52', '2020-05-23 02:24:28', 19);
INSERT INTO `blog` VALUES (10, '背影', 12, '我与父亲不相见已二年余了，我最不能忘记的是他的背影。那年冬天，祖母死了，父亲的差使也交卸了，正是祸不单行的日子，我从北京到徐州，打算跟着父亲奔丧回家。到徐州见着父亲，看见满院狼藉的东西，又想起祖母，不禁簌簌地流下眼泪。父亲说，“事已如此，不必难过，好在天无绝人之路！”\n　　回家变卖典质，父亲还了亏空；又借钱办了丧事。这些日子，家中光景很是惨淡，一半为了丧事，一半为了父亲赋闲。丧事完毕，父亲要到南京谋事，我也要回北京念书，我们便同行。\n　　到南京时，有朋友约去游逛，勾留了一日；第二日上午便须渡江到浦口，下午上车北去。父亲因为事忙，本已说定不送我，叫旅馆里一个熟识的茶房陪我同去。他再三嘱咐茶房，甚是仔细。但他终于不放心，怕茶房不妥帖；颇踌躇了一会。其实我那年已二十岁，北京已来往过两三次，是没有甚么要紧的了。他踌躇了一会，终于决定还是自己送我去。我两三回劝他不必去；他只说，“不要紧，他们去不好！”\n　　我们过了江，进了车站。我买票，他忙着照看行李。行李太多了，得向脚夫行些小费，才可过去。他便又忙着和他们讲价钱。我那时真是聪明过分，总觉他说话不大漂亮，非自己插嘴不可。但他终于讲定了价钱；就送我上车。他给我拣定了靠车门的一张椅子；我将他给我做的紫毛大衣铺好坐位。他嘱我路上小心，夜里警醒些，不要受凉。又嘱托茶房好好照应我。我心里暗笑他的迂；他们只认得钱，托他们直是白托！而且我这样大年纪的人，难道还不能料理自己么？唉，我现在想想，那时真是太聪明了！\n　　我说道，“爸爸，你走吧。”他望车外看了看，说，“我买几个橘子去。你就在此地，不要走动。”我看那边月台的栅栏外有几个卖东西的等着顾客。走到那边月台，须穿过铁道，须跳下去又爬上去。父亲是一个胖子，走过去自然要费事些。我本来要去的，他不肯，只好让他去。我看见他戴着黑布小帽，穿着黑布大马褂，深青布棉袍，蹒跚地走到铁道边，慢慢探身下去，尚不大难。可是他穿过铁道，要爬上那边月台，就不容易了。他用两手攀着上面，两脚再向上缩；他肥胖的身子向左微倾，显出努力的样子。这时我看见他的背影，我的泪很快地流下来了。我赶紧拭干了泪，怕他看见，也怕别人看见。我再向外看时，他已抱了朱红的橘子望回走了。过铁道时，他先将橘子散放在地上，自己慢慢爬下，再抱起橘子走。到这边时，我赶紧去搀他。他和我走到车上，将橘子一股脑儿放在我的皮大衣上。于是扑扑衣上的泥土，心里很轻松似的，过一会说，“我走了；到那边来信！”我望着他走出去。他走了几步，回过头看见我，说，“进去吧，里边没人。”等他的背影混入来来往往的人里，再找不着了，我便进来坐下，我的眼泪又来了。\n　　近几年来，父亲和我都是东奔西走，家中光景是一日不如一日。他少年出外谋生，独力支持，做了许多大事。那知老境却如此颓唐！他触目伤怀，自然情不能自已。情郁于中，自然要发之于外；家庭琐屑便往往触他之怒。他待我渐渐不同往日。但最近两年的不见，他终于忘却我的不好，只是惦记着我，惦记着我的儿子。我北来后，他写了一信给我，信中说道，“我身体平安，惟膀子疼痛利害，举箸提笔，诸多不便，大约大去之期不远矣。”我读到此处，在晶莹的泪光中，又看见那肥胖的，青布棉袍，黑布马褂的背影。唉！我不知何时再能与他相见！\n　 \n　　1925年10月在北京。\n　\n \n', '2020-05-22 13:48:54', '2020-05-23 02:24:47', 6);
INSERT INTO `blog` VALUES (11, '风入松', 12, '	画堂红袖倚清酣，华发不胜簪。几回晚直金銮殿，东风软花里停骖。书诏许传宫烛，香罗初剪朝衫。\n	御沟冰泮水拖蓝，飞燕又呢喃。重重帘幕寒犹在，凭谁寄金字泥缄。为报先生归也，杏花春雨江南。\n```【按】一句“杏花春雨江南”，名扬千古，从此“杏花春雨”便成了江南的代名词。\n　　【杏花春雨江南】由近及远，由实及虚，意境悠长，韵味无穷。\n  ```\n\n', '2020-05-22 13:48:56', '2020-05-23 02:26:01', 24);
INSERT INTO `blog` VALUES (12, '修身', 13, '欲做精金美玉的人品，定从烈火中煅来；思立掀天揭地的事功，须向薄冰上履过。\n　　一念错，便觉百行皆非，防之当如渡海浮囊，勿容一针之罅漏；万善全，始得一生无愧。修之当如凌云宝树，须假众木以撑持。\n　　忙处事为，常向闲中先检点，过举自稀。动时念想，预从静里密操持，非心自息。\n　　为善而欲自高胜人，施恩而欲要名结好，修业而欲惊世骇俗，植节而欲标异见奇，此皆是善念中戈矛，理路上荆棘，最易夹带，最难拔除者也。须是涤尽渣滓，斩绝萌芽，才见本来真体。\n　　能轻富贵，不能轻一轻富贵之心；能重名义，又复重一重名义之念。是事境之尘氛未扫，而心境之芥蒂未忘。此处拔除不净，恐石去而草复生矣。\n　　纷扰固溺志之场，而枯寂亦槁心之地。故学者当栖心元默，以宁吾真体。亦当适志恬愉，以养吾圆机。\n　　昨日之非不可留，留之则根烬复萌，而尘情终累乎理趣；今日之是不可执，执之则渣滓未化，而理趣反转为欲根。\n　　无事便思有闲杂念想否。有事便思有粗浮意气否。得意便思有骄矜辞色否。失意便思有怨望情怀否。时时检点，到得从多入少、从有入无处，才是学问的真消息。\n　　士人有百折不回之真心，才有万变不穷之妙用。立业建功，事事要从实地着脚，若少慕声闻，便成伪果；讲道修德，念念要从虚处立基，若稍计功效，便落尘情。\n　　身不宜忙，而忙于闲暇之时，亦可儆惕惰气；心不可放，而放于收摄之后，亦可鼓畅天机。\n　　钟鼓体虚，为声闻而招击撞；麋鹿性逸，因豢养而受羁糜。可见名为招祸之本，欲乃散志之媒。学者不可不力为扫除也。\n　　一念常惺，才避去神弓鬼矢；纤尘不染，方解开地网天罗。\n　　一点不忍的念头，是生民生物之根芽；一段不为的气节，是撑天撑地之柱石。故君子于一虫一蚁不忍伤残，一缕一丝勿容贪冒，变可为万物立命、天地立心矣。\n　　拨开世上尘氛，胸中自无火焰冰竞；消却心中鄙吝，眼前时有月到风来。\n　　学者动静殊操、喧寂异趣，还是锻炼未熟，心神混淆故耳。须是操存涵养，定云止水中，有鸢飞鱼跃的景象；风狂雨骤处，有波恬浪静的风光，才见处一化齐之妙。\n　　心是一颗明珠。以物欲障蔽之，犹明珠而混以泥沙，其洗涤犹易；以情识衬贴之，犹明珠而饰以银黄，其洗涤最难。故学者不患垢病，而患洁病之难治；不畏事障，而畏理障之难除。\n　　躯壳的我要看得破，则万有皆空而其心常虚，虚则义理来居；性命的我要认得真，则万理皆备而其心常实，实则物欲不入。\n　　面上扫开十层甲，眉目才无可憎；胸中涤去数斗尘，语言方觉有味。\n　　完得心上之本来，方可言了心；尽得世间之常道，才堪论出世。\n　　我果为洪炉大冶，何患顽金钝铁之不可陶熔。我果为巨海长江，何患横流污渎之不能容纳。\n　　白日欺人，难逃清夜之鬼报；红颜失志，空贻皓首之悲伤。\n　　以积货财之心积学问，以求功名之念求道德，以爱妻子之心爱父母，以保爵位之策保国家，出此入彼，念虑只差毫末，而超凡入圣，人品且判星渊矣。人胡不猛然转念哉！\n　　立百福之基，只在一念慈祥；开万善之门，无如寸心挹损。\n　　塞得物欲之路，才堪辟道义之门；驰得尘俗之肩，方可挑圣贤之担。\n　　容得性情上偏私，便是一大学问；消得家庭内嫌雪，才为火内栽莲。\n　　事理因人言而悟者，有悟还有迷，总不如自悟之了了；意兴从外境而得者，有得还有失，总不如自得之休休。\n　　情之同处即为性,舍情则性不可见，欲之公处即为理，舍欲则理不可明。故君子不能灭情，惟事平情而已；不能绝欲，惟期寡欲而已。\n　　欲遇变而无仓忙，须向常时念念守得定；欲临死而无贪恋，须向生时事事看得轻。\n　　一念过差，足丧生平之善；终身检饬，难盖一事之愆。\n　　从五更枕席上参勘心体，气未动，情未萌，才见本来面目；向三时饮食中谙练世味，浓不欣，淡不厌，方为切实工夫。', '2020-05-22 14:01:05', '2020-05-23 02:26:38', 166);
INSERT INTO `blog` VALUES (13, '最后一天，项目答辩', 14, '# 答辩\n## 答辩\n- 答辩1\n- 答辩2\n- 答辩3\n- 答辩4\n- 答辩5', '2020-05-23 02:04:03', '2020-05-23 02:04:03', 24);
INSERT INTO `blog` VALUES (14, '弟弟弟弟', 15, '# 哥哥哥哥\n# **妈妈们\n#* 该国北部方面\n## - 你好\n- 世界\n	咋地\n	***', '2020-05-23 02:51:48', '2020-05-23 02:51:48', 12);
INSERT INTO `blog` VALUES (15, '从v徐', 14, '# 姚哥，永远滴神', '2020-05-23 02:52:06', '2020-05-23 02:59:17', 8);
INSERT INTO `blog` VALUES (16, '文化苦旅', 12, '# 一级标题\n## 二级标题\n- 呵呵\n	呵\n	弟弟\n	排列组合\n# gggjj', '2020-05-23 02:57:12', '2020-05-23 04:31:12', 32);
INSERT INTO `blog` VALUES (19, '2020.05.12第5天实训日志', 15, '## 哇水水水水\n## 撒地方啊手动阀手动阀撒地方\n#  哈哈哈\n# 实时预览', '2020-05-23 04:31:40', '2020-05-23 04:31:40', 2);

-- ----------------------------
-- Table structure for category
-- ----------------------------
DROP TABLE IF EXISTS `category`;
CREATE TABLE `category`  (
  `category_name` varchar(255) CHARACTER SET utf8mb4 COLLATE utf8mb4_0900_ai_ci NULL DEFAULT NULL,
  `id` int(11) NOT NULL AUTO_INCREMENT,
  PRIMARY KEY (`id`) USING BTREE
) ENGINE = InnoDB AUTO_INCREMENT = 10 CHARACTER SET = utf8mb4 COLLATE = utf8mb4_0900_ai_ci ROW_FORMAT = Dynamic;

-- ----------------------------
-- Records of category
-- ----------------------------
INSERT INTO `category` VALUES ('哲学', 12);
INSERT INTO `category` VALUES ('人生', 13);
INSERT INTO `category` VALUES ('文化人', 14);
INSERT INTO `category` VALUES ('内涵', 15);
INSERT INTO `category` VALUES ('来了', 16);
INSERT INTO `category` VALUES ('啦啦啦', 18);

-- ----------------------------
-- Table structure for comment
-- ----------------------------
DROP TABLE IF EXISTS `comment`;
CREATE TABLE `comment`  (
  `cid` int(11) NOT NULL AUTO_INCREMENT,
  `publication` datetime(0) NULL DEFAULT NULL,
  `comment` varchar(255) CHARACTER SET utf8mb4 COLLATE utf8mb4_0900_ai_ci NULL DEFAULT '',
  `blog_id` int(11) NOT NULL,
  `who` varchar(255) CHARACTER SET utf8mb4 COLLATE utf8mb4_0900_ai_ci NULL DEFAULT NULL,
  PRIMARY KEY (`cid`) USING BTREE
) ENGINE = InnoDB CHARACTER SET = utf8mb4 COLLATE = utf8mb4_0900_ai_ci ROW_FORMAT = Dynamic;

-- ----------------------------
-- Records of comment
-- ----------------------------
INSERT INTO `comment` VALUES (2, '2020-05-22 16:00:39', '呵呵', 12, '你个这放屁');
INSERT INTO `comment` VALUES (3, '2020-05-22 16:01:37', '你好', 12, '你好');
INSERT INTO `comment` VALUES (4, '2020-05-22 16:02:41', '好的', 12, '好兄弟');
INSERT INTO `comment` VALUES (5, '2020-05-22 16:09:55', '说得好！', 7, '好心人');
INSERT INTO `comment` VALUES (6, '2020-05-22 16:41:32', '可以，做的还可以', 12, '张三');
INSERT INTO `comment` VALUES (7, '2020-05-22 16:47:42', '你总是心太软，\r\n心太软', 12, '心上人');
INSERT INTO `comment` VALUES (8, '2020-05-22 17:06:53', '我没病', 12, '你是不是有病？');
INSERT INTO `comment` VALUES (9, '2020-05-22 17:10:57', '好的', 12, '你好');
INSERT INTO `comment` VALUES (10, '2020-05-22 17:16:40', '拍得一手好图', 10, '你的蕞');
INSERT INTO `comment` VALUES (11, '2020-05-22 17:21:42', '哈啊啊啊啊啊啊啊啊啊啊啊啊啊啊啊啊啊啊哈啊啊啊啊啊啊啊啊啊啊啊啊啊啊啊啊啊啊', 9, '昵称');
INSERT INTO `comment` VALUES (12, '2020-05-22 17:21:51', '我是弟弟', 9, '弟弟');
INSERT INTO `comment` VALUES (13, '2020-05-22 17:29:21', '说得就是你', 12, '千锋');
INSERT INTO `comment` VALUES (14, '2020-05-23 02:20:49', '这是一条评论', 13, '张三');
INSERT INTO `comment` VALUES (15, '2020-05-23 02:38:02', '呵呵呵呵呵呵', 13, '这是一天');
INSERT INTO `comment` VALUES (16, '2020-05-23 02:38:54', '写得一手好文章', 11, '人才');
INSERT INTO `comment` VALUES (17, '2020-05-23 02:45:45', '好诗', 7, '男女');
INSERT INTO `comment` VALUES (18, '2020-05-23 02:49:49', '好文！', 13, '男女');
INSERT INTO `comment` VALUES (19, '2020-05-23 02:55:04', '人好事', 15, '文化人');
INSERT INTO `comment` VALUES (20, '2020-05-23 02:57:31', '666', 16, '组长');
INSERT INTO `comment` VALUES (21, '2020-05-23 03:08:39', '我不懂', 16, '你懂');
INSERT INTO `comment` VALUES (22, '2020-05-23 03:09:12', '1', 9, '我是各个');
INSERT INTO `comment` VALUES (23, '2020-05-23 03:14:56', '啊飒飒东风', 10, '嗨氏');
INSERT INTO `comment` VALUES (24, '2020-05-23 03:15:13', '谢谢 ', 16, '谢谢');
INSERT INTO `comment` VALUES (25, '2020-05-23 03:18:34', '飞洒地方士大夫', 17, '很多很多');
INSERT INTO `comment` VALUES (26, '2020-05-23 03:26:43', '十大发射点', 11, '好还是');
INSERT INTO `comment` VALUES (27, '2020-05-23 03:31:25', 'asdfsadf', 16, 'dasfdas');
INSERT INTO `comment` VALUES (28, '2020-05-23 04:27:31', '撒地方', 16, '这是');

-- ----------------------------
-- Table structure for user
-- ----------------------------
DROP TABLE IF EXISTS `user`;
CREATE TABLE `user`  (
  `username` varchar(255) CHARACTER SET utf8mb4 COLLATE utf8mb4_0900_ai_ci NOT NULL,
  `password` varchar(255) CHARACTER SET utf8mb4 COLLATE utf8mb4_0900_ai_ci NOT NULL,
  PRIMARY KEY (`username`) USING BTREE
) ENGINE = InnoDB CHARACTER SET = utf8mb4 COLLATE = utf8mb4_0900_ai_ci ROW_FORMAT = Dynamic;

-- ----------------------------
-- Records of user
-- ----------------------------
INSERT INTO `user` VALUES ('zhangsan', '123');

SET FOREIGN_KEY_CHECKS = 1;
